ano,mes,dia,hora,convidado,onde,
2016,5,13,09:00,Reunião Ministerial,Palácio do Planalto,
2016,5,16,15:00,"Eliseu Padilha, ministro-chefe da Casa Civil; Henrique Meirelles, ministro de Estado da Fazenda; Ronaldo Nogueira, ministro de Estado do Trabalho; Antônio Neto, presidente das Centrais Sindicais Brasileiras; José Calixto Ramos, presidente Nacional da NCST; Ricardo Patah, presidente Nacional UGT; Deputado Federal Paulo Pereira da Silva, Presidente Nacional da Central Força Sindical e Presidente Nacional do Partido Solidariedade",Palácio do Planalto,
2016,5,16,17:00,"Mendonça Filho, ministro da Educação e Cultura e Geddel Vieira Lima, ministro da Secretaria de Governo",Palácio do Planalto,
2016,5,16,18:00,"Eliseu Padilha, ministro chefe da Casa Civil da PR; Raul Jungmann, ministro da Defesa; Alexandre de Moraes, ministro da Justiça e Cidadania; Henrique Eduardo Alves, ministro do Turismo; Leonardo Picciani, ministro do Esporte; General Sérgio Etchegoyen, ministro GSIPR; Almirante Leal Ferreira, Comandante da Marinha; General Villas Boas, Comandante do Exército; Tenente-Brigadeiro do Ar Nivaldo Luiz Rossato, Comandante da Aeronáutica; Almirante Ademir Sobrinho, Chefe EMCFA; Andrei Rodrigues, secretário Nacional da Secretaria de Segurança para grandes eventos, MJ",Palácio do Planalto,
2016,5,17,10:00,Despachos Internos,,
2016,5,17,14:00,Reunião de Líderes da Câmara dos Deputados,Palácio do Planalto,
2016,5,17,16:00,"Reunião com o Ministro da Fazenda, Henrique Meirelles, e equipe econômica",Palácio do Planalto,
2016,5,17,17:00,Ex-presidente José Sarney,Palácio do Planalto,
2016,5,17,18:00,Embaixador Mauro Vieira,Palácio do Planalto,
2016,5,17,18:15,Senadora Marta Suplicy (PMDB/SP),Palácio do Planalto,
2016,5,17,18:40,Senador Renan Calheiros,,
2016,5,17,19:25,Mendonça Filho,,
2016,5,17,20:00,José Serra,,
2016,5,18,09:00,Café da manhã com líderes do Senado Federal,Palácio do Jaburu,
2016,5,18,17:00,Gilberto Kassab,,
2016,5,18,17:30,Fernando Coelho Filho,,
2016,5,19,10:00,Reunião com a Bancada Feminina da Câmara dos Deputados,Palácio do Planalto,
2016,5,19,15:30,"General do Exército Sérgio Etchegoyen, ministro do Gabinete de Segurança Institucional; e Wilson Roberto Trezza, diretor-geral da Abin (Agência Brasileira de Inteligência)",Palácio do Planalto,
2016,5,20,10:00,Fábio Medina Osório,,
2016,5,20,10:30,Fabiano Augusto Martins,,
2016,5,20,12:00,Sarney Filho,,
2016,5,20,14:30,"Eliseu Padilha, ministro-chefe da Casa Civil;  Henrique Meirelles, ministro da Fazenda;  Romero Jucá, ministro do Planejamento, Desenvolvimento e Gestão",Palácio do Planalto,
2016,5,23,10:00,Despachos internos,Palácio do Planalto,
2016,5,23,16:00,Renan Calheiros,,
2016,5,24,10:00,Apresentação das medidas econômicas,Palácio do Planalto,
2016,5,24,11:30,"Eduardo Paes, prefeito do Rio de Janeiro, e Moreira Franco",Palácio do Planalto,
2016,5,24,15:00,"Solenidade de posse do senhor Marcelo Calero, Ministro da Cultura",Palácio do Planalto,
2016,5,24,17:00,"Senador Antônio Carlos Valadares (PSB/SE), senador Eduardo Amorim (PSC/SE), senador Ricardo Franco (DEM/SE)",Palácio do Planalto,
2016,5,24,17:30,Senador Romário (PSB/RJ),Palácio do Planalto,
2016,5,24,18:30,"Marconi Perillo, governador do estado de Goiás",Palácio do Planalto,
2016,5,25,10:00,Cerimônia de apresentação de Credenciais dos Embaixadores  Residentes em Brasília,Palácio do Planalto,
2016,5,25,16:00,"Eliseu Padilha, ministro-chefe da Casa Civil; José Serra, ministro das Relações Exteriores; Alexandre Moraes, ministro da Justiça e Cidadania; Henrique Meirelles, ministro da Fazenda; e Raul Jungmann, ministro da Defesa.",Palácio do Planalto,
2016,5,30,14:30,Bruno Araújo,,
2016,5,30,15:00,Deputado Federal Waldir Maranhão,,
2016,5,30,16:00,Valmir Pontes Filho,,
2016,5,30,17:00,Rodrigo Janot Monteiro de Barros,,
2016,5,30,19:30,João Alberto Souza,,
2016,5,31,10:00,Alexandre de Moraes,,
2016,5,31,10:45,Luiz Claudio Costa,,
2016,5,31,11:15,Augusto Nardes,,
2016,5,31,11:45,Fernando Bezerra Coelho,,
2016,5,31,12:15,José Aníbal,,
2016,6,1,09:30,"Cerimônia de Posse de Maria Silvia Bastos Marques, no cargo de Presidente do Banco Nacional de Desenvolvimento Econômico e Social (BNDES) e dos senhores Paulo Rogério Caffarelli, no cargo de Presidente do Banco do Brasil, Gilberto Occhi, no cargo de Presidente da Caixa Econômica Federal, Pedro Parente, no cargo de Presidente da Petrobras e Ernesto Lozardo, no cargo de Presidente do Instituto de Pesquisa Econômica Aplicada (Ipea)",Palácio do Planalto,
2016,6,1,11:00,Deputado Paulo Pereira da Silva (SD/SP) e Direção da Frente Nacional de Luta - FNL,Palácio do Planalto,
2016,6,1,11:30,Ives Gandra Filho,,
2016,6,1,12:00,Pedro Taques,,
2016,6,1,15:00,Senador José Maranhão (PMDB/PB),Palácio do Planalto,
2016,6,2,10:00,Mario Heringer,,
2016,6,2,11:00,"Cerimônia de Posse do senhor Torquato Jardim no cargo de Ministro da Transparência, Fiscalização e Controle",Palácio do Planalto,
2016,6,2,12:30,Ibsen Pinheiro,,
2016,6,2,15:00,Alfredo Kaefer,,
2016,6,3,00:00,Despachos Internos,,
2016,6,6,10:00,Despachos internos,,
2016,6,7,15:00,Rubens Ometto Silveira Mello,,
2016,6,7,16:00,Magno Malta,,
2016,6,7,17:00,Paulo Skaf,,
2016,6,7,18:30,Sérgio Souza,,
2016,6,8,10:30,Eladio Loizaga,,
2016,6,8,11:00,Encontro com Líderes Empresariais,Palácio do Planalto,
2016,6,8,15:00,Paulo Portas,,
2016,6,8,17:00,José Ivo Sartori,,
2016,6,8,20:00,Parada após o Pôr do Sol,Clube Naval de Brasília,
2016,6,9,10:00,"Antonio Imbassahy, Pauderney Avelino, Paulo Foletto, Rubens Bueno",,
2016,6,9,10:30,Marcelo Miranda,,
2016,6,9,11:00,Simão Jatene,,
2016,6,9,17:00,"Posse do Presidente do Banco Central, Ilan Goldfajn",Palácio do Planalto,
2016,6,9,18:00,"Ricardo Lewandowski, presidente do Supremo Tribunal Federal","Palácio do Planalto, 3º andar - Gabinete",
2016,6,10,12:30,Encontro com Centrais Sindicais,Palácio do Jaburu,
2016,6,13,15:00,"Roberto Azevêdo, Diretor-Geral da OMC","Palácio do Planalto, 3º andar - Gabinete",
2016,6,13,16:00,"Bruno Araújo, ministro de Estado das Cidades","Palácio do Planalto, 3º andar - Gabinete",
2016,6,14,08:00,Decolagem para o Rio de Janeiro / RJ,,
2016,6,14,09:30,Chegada ao Rio de Janeiro.,,
2016,6,14,10:00,"Thomas Bach, presidente do Comitê Olímpico Internacional - COI",Parque Olímpico - Rio de Janeiro / RJ,RJ
2016,6,14,10:30,"Carlos Arthur Nuzman, presidente do Comitê Olímpico Brasíleiro",Parque Olímpico - Rio de Janeiro / RJ,RJ
2016,6,14,11:00,Visita ao Parque Olímpico,Rio de Janeiro / RJ,RJ
2016,6,14,11:30,Reunião de trabalho,Parque Olímpico - Rio de Janeiro / RJ,RJ
2016,6,15,10:00,Reunião de Líderes da Câmara e do Senado,Palácio do Planalto,
2016,6,15,12:00,Eduardo Pinho Moreira,,
2016,6,15,15:00,Robinson Mesquita de Faria,,
2016,6,15,15:30,Eduardo Alves do Amorim,,
2016,6,15,16:30,Beto Richa,,
2016,6,16,16:00,"Ato de assinatura do edital do fundo de Financiamento Estudantil - FIES 2016, 2º semestre, para abertura de 70 mil vagas.","Palácio do Planalto, Salão Leste, 2º andar -",
2016,6,16,17:00,"Deputado Federal Leonardo Quintão, PMDB MG e membros da ANAJURE.","Palácio do Planalto, Salão Leste, 2º andar -",
2016,6,16,17:30,"Rodrigo Rollemberg, governador do Distrito Federal.","Palácio do Planalto, 3º andar - Gabinete",
2016,6,20,15:00,Governadores das unidades federativas do Brasil,,
2016,6,21,15:30,"Deputado Federal Baleia Rossi, PMDB SP .","Palácio do Planalto, 3º andar - Gabinete",
2016,6,21,16:00,Helder Barbalho,,
2016,6,21,16:30,"Henrique Meirelles, ministro da Fazenda.","Palácio do Planalto, 3º andar - Gabinete",
2016,6,21,17:30,"André Puccinelli, ex-governador do Mato Grosso do Sul.","Palácio do Planalto, 3º andar - Gabinete",
2016,6,21,17:45,"Deputado Federal Mauro Lopes, PMDB MG / Deputado Carlos Marun, PMDB MS.","Palácio do Planalto, 3º andar - Gabinete",
2016,6,21,18:00,"Geddel Vieira Lima, Secretário de Governo.","Palácio do Planalto, 3º andar - Gabinete",
2016,6,21,19:00,"José Serra, Ministro das Relações Exteriores e general Sérgio Etchegoyen.","Palácio do Planalto, 3º andar - Gabinete",
2016,6,21,19:20,"Moreira Franco, secretário-executivo do Programa de Parcerias de Investimento.","Palácio do Planalto, 3º andar - Gabinete",
2016,6,21,19:30,"Mendonça Filho, ministro da Educação.","Palácio do Planalto, 3º andar - Gabinete",
2016,6,22,10:30,Reunião com ministros do Núcleo Econômico.,Palácio do Planalto,
2016,6,22,15:00,"Cerimônia de posse do novo presidente do Instituto Brasileiro de Geografia e Estatística-IBGE, senhor Paulo Rabello de Castro",Palácio do Planalto,
2016,6,23,09:00,Reunião com Núcleo Institucional,Palácio do Planalto,
2016,6,23,12:00,Cerimônia de sanção da Lei que disciplina o processo e julgamento do mandado de injunção individual e coletivo,Palácio do Planalto,
2016,6,23,15:00,Cerimônia de entrega de credenciais de embaixadores estrangeiros residentes em Brasília,Palácio do Planalto,
2016,6,27,10:00,Reunião com ministros do Núcleo de Infraestrutura e Líderes do governo.,"palácio do Planalto, 3ª andar",
2016,6,28,10:00,Embarque para Telêmaco Borba/PR,Base Aérea de Brasília,PR
2016,6,28,11:55,Chegada a Telêmaco Borba,Aeroporto Monte Alegre,PR
2016,6,28,12:00,Inauguração da nova fábrica de celulose da Klabin,Ortigueira/PR,PR
2016,6,28,13:45,Embarque para Brasília,Aeroporto Monte Alegre - Telêmaco Borba/PR,PR
2016,6,28,15:20,Chegada a Brasília/DF,Base Aérea de Brasília,
2016,6,29,10:30,Leonardo Picciani,,
2016,6,29,11:30,Cerimônia de anúncio de aumento do Bolsa Família e liberação de recursos para a Educação,Palácio do Planalto,
2016,6,29,15:00,"Líder Baleia Rossi (PMDB/SP) e Henrique Prata, diretor do Hospital do Câncer de Barretos/SP",Palácio do Planalto,
2016,6,29,15:30,Deputado Jerônimo Goergen (PP/RS),Palácio do Planalto,
2016,6,30,11:00,Encontro com representantes da Confederação das Associações Comerciais e Empresariais do Brasil - CACB,Palácio do Planalto,
2016,6,30,18:00,Recepção na Embaixada da Santa Sé em homenagem ao Papa Francisco,"Sede da Nunciatura Apostólica, Embaixada da Santa Sé, Setor de Embaixadas Sul, Av",
2016,7,1,10:00,"Cerimônia de restituição de competência aos Comandantes da Marinha, Exército e Aeronáutica",Palácio do Planalto,
2016,7,4,09:00,Abertura Oficial do Global Agribusiness Forum 2016,Morumbi - São Paulo/SP,SP
2016,7,4,15:00,Camilo Santana,,
2016,7,4,18:00,Henrique Meirelles,,
2016,7,5,10:00,Senador Ricardo Ferraço (PSDB/ES) e Senador Magno Malta (PR/ES),Palácio do Planalto,
2016,7,5,10:30,Senador Ciro Nogueira (PP/PI),Palácio do Planalto,
2016,7,5,11:00,Bancada Federal do Partido Popular Socialista – PPS,Palácio do Planalto,
2016,7,5,15:00,"Renan Calheiros, Presidente do Senado Federal, Senador Otto Alencar (PSD/BA), Senador Ataídes Oliveira (PSDB/TO)",Palácio do Planalto,
2016,7,5,16:00,Deputado Mauro Mariani (PMDB/SC),Palácio do Planalto,
2016,7,5,17:00,"Renata Bueno, deputada do Parlamento italiano e delegação italiana",Palácio do Planalto,
2016,7,6,15:00,Senador Valdir Raupp (PMDB/RO) e bancadas federais dos estados de Rondônia e Acre,Palácio do Planalto,
2016,7,6,16:00,"Senador Eduardo Lopes, líder do PRB no Senado e membros da Associação Brasileira de Mídias Evangélicas - ABME",Palácio do Planalto,
2016,7,6,17:30,Bernardo Pinto Paiva - presidente da Ambev,Palácio do Planalto,
2016,7,6,19:30,"Senadora Rose de Freitas, líder do governo no Congresso, Senador Romero Jucá (PMDB/RR), Senador Wellington Fagundes (PR/MT), Deputado Arthur de Lira (PP/AL)",Palácio do Planalto,
2016,7,7,10:00,Deputado Benito Gama (PTB/BA),Palácio do Planalto,
2016,7,7,10:30,Deputado Ricardo Tripoli (PSDB/SP),Palácio do Planalto,
2016,7,7,11:30,Marcelo Porto - Presidente da IBM do Brasil,Palácio do Planalto,
2016,7,7,16:00,Alarico Assumpção Júnior - Presidente da Federação Nacional da Distribuição de Veículos Automotores - Fenabrave,Palácio do Planalto,
2016,7,7,17:00,Osmar Terra - Ministro de Estado do Desenvolvimento Social e Agrário,Palácio do Planalto,
2016,7,7,18:30,"Gilberto Kassab - Ministro da Ciência, Tecnologia, Inovações e Comunicações",Palácio do Planalto,
2016,7,7,19:00,Helder Barbalho - Ministro da Integração Nacional,Palácio do Planalto,
2016,7,7,20:00,Fernando Coelho Filho - Ministro de Minas e Energia,Palácio do Planalto,
2016,7,8,10:00,Reunião do Comitê de Líderes da Mobilização Empresarial pela Inovação (MEI),CNI - Brasília/DF,
2016,7,8,15:00,Robson Rodovalho - Presidente da Confederação dos Conselhos de Pastores do Brasil - CONCEPAB,Palácio do Planalto,
2016,7,11,11:00,Deputado José Carlos Aleluia (PSDB/BA) e Deputado Rubens Bueno (PPS/PR),Palácio do Planalto,
2016,7,11,12:35,"Henrique Meirelles, ministro da Fazenda e Maurício Quintella, ministro dos Transportes, Portos e Aviação Civil",Palácio do Planalto,
2016,7,11,14:35,Deputado Pauderney Avelino (DEM/AM),Palácio do Planalto,
2016,7,11,16:00,"Mendonça Filho, ministro da Educação; senador Cristovam Buarque (PPS/DF); Paulo Rogério Cafarelli, presidente do Banco do Brasil; Gilberto Occhi, presidente da Caixa Econômica Federal e Guilherme Campos, presidente dos Correios",Palácio do Planalto,
2016,7,11,18:30,Senador Hélio José (PMDB/DF),Palácio do Planalto,
2016,7,12,12:30,Almoço com a Frente Parlamentar Agropecuária (FPA),Brasília/DF,
2016,7,12,16:00,Bancada do Rio Grande do Sul no Congresso Nacional,Palácio do Planalto,
2016,7,12,16:30,Reunião com Ministros do Núcleo Social,Palácio do Planalto,
2016,7,13,10:00,Senador Benedito de Lira (PP/AL),Palácio do Planalto,
2016,7,13,10:30,Confederação Nacional de Municípios,Palácio do Planalto,
2016,7,13,11:30,Cerimônia de apresentação da Delegação de Atletas Olímpicos,Palácio do Planalto,
2016,7,13,16:00,"Senador Davi Alcolumbre (DEM/AP) e Waldez Góes (PDT/AP), governador do Amapá",Palácio do Planalto,
2016,7,13,19:30,"Marcos Pereira - Ministro da Indústria, Comércio Exterior e Serviços",Palácio do Planalto,
2016,7,14,10:27,Marcelo Calero - Ministro da Cultura,Palácio do Planalto,
2016,7,14,10:50,Senador Telmário Mota (PDT/RR) e Senador Zezé Perrella (PTB/MG),Palácio do Planalto,
2016,7,14,11:06,Cerimônia de anúncio de nova norma do Programa Minha Casa Minha Vida,Palácio do Planalto,
2016,7,14,11:20,"Deputado André Moura, (PSC/SE), Líder do governo na Câmara dos Deputados e senadores Eduardo Amorim (PSC/SE) e Antônio Carlos Valadares (PSB/SE)",Palácio do Planalto,
2016,7,14,12:06,"Rodrigo Maia (DEM/RJ), presidente da Câmara dos Deputados e Renan Calheiros, presidente do Senado (PMDB/AL)",Palácio do Planalto,
2016,7,14,12:55,Senadora Rose de Freitas (PMDB/ES),Palácio do Planalto,
2016,7,14,15:00,Presidentes das Assembleias Legislativas Estaduais e Distrital,Palácio do Planalto,
2016,7,15,16:00,"Eliseu Padilha, Almirante-de-Esquadra Ademir Sobrinho, General Sérgio Westphalen Etchegoyen",,
2016,7,15,18:24,"Henrique Meirelles, Ministro da Fazenda e Eliseu Padilha, Ministro-Chefe da Casa Civil",Palácio do Planalto,
2016,7,18,10:00,Despachos internos,,
2016,7,18,13:00,"Eliseu Padilha, Ministro-Chefe da Casa Civil; Sérgio Etchegoyen, Ministro-Chefe de Segurança Institucional da Presidência da República; Alexandre de Moraes, Ministro da Justiça e Cidadania",Palácio do Planalto,
2016,7,18,15:10,"Gilberto Kassab, Ministro da Ciência, Tecnologia, Inovações e Comunicações",Palácio do Planalto,
2016,7,19,09:30,Conselho Nacional do Sesi,Palácio do Planalto,
2016,7,19,11:00,Reunião com ministros do Núcleo Econômico e  líderes do Governo,Palácio do Planalto,
2016,7,19,12:30,"Bruno Araújo, ministro das Cidades e Gilberto Occhi, presidente da Caixa Econômica Federal",Palácio do Planalto,
2016,7,19,15:00,Jorge Chammas - Presidente do Moinho São Jorge,Palácio do Planalto,
2016,7,19,15:30,Senador Valdir Raupp (PMDB/RO),Palácio do Planalto,
2016,7,19,17:00,"Raul Padilha, presidente e CEO da Bunge Brasil",Palácio do Planalto,
2016,7,19,17:30,"Fernando Coelho Filho, ministro de Minas e Energia; Helder Barbalho, ministro da Integração Nacional; Marcelo Cruz, secretário-executivo do Meio Ambiente; Suely Mara Vaz Guimarães de Araújo, presidente do IBAMA",Palácio do Planalto,
2016,7,19,20:00,"Senador Renan Calheiros, presidente do Congresso Nacional; Deputado Rodrigo Maia, presidente da Câmara dos Deputados",Palácio do Jaburu,
2016,7,20,09:30,Deputado Danilo Forte (PSB/CE),Palácio do Planalto,
2016,7,20,10:00,Jorge Gerdau Johannpeter  - Presidente do Conselho de Administração do Grupo Gerdau,Palácio do Planalto,
2016,7,20,10:30,Francisco Turra  - Presidente Executivo da Associação Brasileira de Proteína Animal - ABPA,Palácio do Planalto,
2016,7,20,11:00,Sanção da Lei que concede ao município de Laguna/SC o título de Capital Nacional dos Botos Pescadores,Palácio do Planalto,
2016,7,20,15:00,Joseph Couri  - Presidente do Sindicato da Micro e Pequena Indústria do Estado de São Paulo - SIMPI,Palácio do Planalto,
2016,7,20,16:00,"Cerimônia de posse do Defensor Público Federal, Carlos Eduardo Barbosa Paz","Palácio da Justiça, Slão Negro",
2016,7,20,19:00,Deputado Rodrigo Maia - Presidente da Câmara dos Deputados,Palácio do Planalto,
2016,7,20,19:30,Deputado Luis Tibé (PTdoB/MG),Palácio do Planalto,
2016,7,21,10:00,Marcelo Calero - Ministro da Cultura,Palácio do Planalto,
2016,7,21,11:15,"Dyogo Oliveira - Ministro interino do Planejamento, Desenvolvimento e Gestão",Palácio do Planalto,
2016,7,21,15:00,Sergio Rial - Presidente do Banco Santander,Palácio do Planalto,
2016,7,21,15:30,"Blairo Maggi - Ministro da Agricultura, Pecuária e Abastecimento",Palácio do Planalto,
2016,7,21,16:00,Mendonça Filho - Ministro da Educação,pa,
2016,7,21,16:30,Deputado Waldir Maranhão (PP/MA) - Primeiro Vice-Presidente da Câmara dos Deputados,Palácio do Planalto,
2016,7,22,10:00,Despachos internos,Palácio do Planalto,
2016,7,22,11:30,"Dyogo Oliveira -  Ministro Interino do Planejamento, Desenvolvimento e Gestão",Palácio do Planalto,
2016,7,25,10:00,Despacho interno,Palácio do Planalto,
2016,7,25,12:00,Senador Eduardo Braga (PMDB/AM),Palácio do Planalto,
2016,7,25,15:00,Jayme Martins de Oliveira Neto,,
2016,7,25,17:00,Fernando Coelho Filho - Ministro de Minas e Energia,Palácio do Planalto,
2016,7,25,17:15,Deputado Giacobo (PR/PR),Palácio do Planalto,
2016,7,25,19:00,Henrique Meirelles - Ministro da Fazenda,Palácio do Planalto,
2016,7,26,09:30,"Mendonça Filho, ministro da Educação; Gilberto Kassab,  ministro da Ciência, Tecnologia, Inovações e Comunicações e representantes da Comunidade Científica",Palácio do Planalto,
2016,7,26,11:00,Reunião com ministros do Núcleo de Infraestrutura,Palácio do Planalto,
2016,7,26,16:45,Senador Vicentinho Alves (PR/TO),Palácio do Planalto,
2016,7,26,17:00,Henrique Meirelles - Ministro da Fazenda,Palácio do Planalto,
2016,7,27,09:30,Paulo Rabello de Castro,,
2016,7,27,09:45,Fernando Figueiredo - Presidente-Executivo da Associação Brasileira da Indústria Química - ABIQUIM,Palácio do Planalto,
2016,7,27,10:30,Ato de assinatura de decretos de promoção dos Oficiais Generais,Palácio do Planalto,
2016,7,27,11:15,Senador Aécio Neves (PSDB MG),,
2016,7,27,12:30,Pedro Parente,,
2016,7,27,14:30,Guilherme Afif Domingos,,
2016,7,27,15:00,Marcos Pereira,,
2016,7,27,15:30,Deputado Jorge Tadeu Mudalen (DEM/SP),Palácio do Planalto,
2016,7,27,16:00,Senador Valdir Raupp (PMDB/RR),Palácio do Planalto,
2016,7,27,16:30,Senador Ricardo Ferraço (PSDB/ES),Palácio do Planalto,
2016,7,28,11:00,João Martins da Silva Júnior - Presidente da Confederação da Agricultura e Pecuária do Brasil - CNA,Palácio do Planalto,
2016,7,28,13:30,Alexandre de Moraes - Ministro da Justiça e Cidadania,Palácio do Planalto,
2016,7,28,15:00,Evandro Guimarães - Presidente Executivo do Instituto Brasileiro de Ética Concorrencial – ETCO,Palácio do Planalto,
2016,7,28,15:30,José Roberto Maciel - Presidente do Sistema Brasileiro de Televisão – SBT,Palácio do Planalto,
2016,7,28,16:00,"Henrique Meirelles, ministro da Fazenda e Rodrigo Maia, presidente da Câmara dos Deputados",Palácio do Planalto,
2016,7,28,17:00,"Henrique Meirelles, ministro da Fazenda e Dyogo Oliveira, ministro do Planejamento, Desenvolvimento e Gestão",Palácio do Planalto,
2016,7,28,17:30,Bruno Araújo - Ministro das Cidades,Palácio do Planalto,
2016,7,29,09:00,Despachos internos,,
2016,7,29,14:00,Henrique Meirelles,,
2016,7,29,17:30,Paulo Skaff,,
2016,7,29,19:00,"Raul Jungmann, ministro da Defesa; General Sérgio Etchegoyen, ministro de Segurança Institucional",Palácio do Planalto,
2016,7,30,08:30,Partida de Brasília para o Rio de Janeiro,,
2016,7,30,10:00,Chegada ao Rio de Janeiro,,
2016,7,30,10:40,Apresentação sobre a obra da Linha 4 do Metrô,Rio de Janeiro/RJ,RJ
2016,7,30,11:20,Cerimônia de Inauguração da Linha 4 do Metrô,Rio de Janeiro/RJ,RJ
2016,7,30,12:40,Partida do Rio de Janeiro para Brasília,Rio de Janeiro/RJ,RJ
2016,7,30,14:10,Chegada a Brasília,Rio de Janeiro/RJ,RJ
2016,8,1,09:30,Reunião com líderes da base aliada na Câmara dos Deputados,Palácio do Jaburu,
2016,8,1,15:15,Cerimônia para a troca de Cartas de Reconhecimento de Equivalência dos Controles Oficiais de Carne Bovina entre o Brasil e o EUA,Palácio do Planalto,
2016,8,1,17:00,Francisco Falcão - presidente do Superior Tribunal de Justiça - STJ,Palácio do Planalto,
2016,8,1,17:40,"Dyogo Oliveira - Ministro interino do Planejamento, Orçamento e Gestão",Palácio do Planalto,
2016,8,2,10:30,Senador Tasso Jereissati (PSDB/CE),Palácio do Planalto,
2016,8,2,11:30,Fernando Coelho Filho - Ministro de Minas e Energia,Palácio do Planalto,
2016,8,2,13:00,"Senador Renan Calheiros, PMDB, presidente do Senado Federal; senador Romero Jucá, PMDB/RR; senador Eunício Oliveira, PMDB/CE",Palácio do Planalto,
2016,8,2,15:00,David Powels - Presidente e Diretor Executivo da Volkswagen do Brasil,Palácio do Planalto,
2016,8,2,16:00,"Henrique Meirelles, ministro da Fazenda e Dyogo Oliveira, ministro do Planejamento, Desenvolvimento e Gestão",Palácio do Planalto,
2016,8,2,17:00,Senador Eduardo Braga (PMDB/AM),Palácio do Planalto,
2016,8,3,10:00,Hélder Barbalho - Ministro da Integração Nacional,Palácio do Planalto,
2016,8,3,10:30,Luiz Antônio Fleury Filho - ex-governador de São Paulo,Palácio do Planalto,
2016,8,3,15:00,"Senador Eduardo Lopes, líder do PRB no Senado e Presidente Nacional do PRB",Palácio do Planalto,
2016,8,3,16:00,Solenidade de apresentação de oficiais-generais recém-promovidos,Palácio do Planalto,
2016,8,3,17:30,Jackson Barreto - Governador de Sergipe,Palácio do Planalto,
2016,8,3,18:30,Deputado Arthur Virgílio Bisneto (PSDB/AM),Palácio do Planalto,
2016,8,3,19:00,"Deputado Victor Mendes (PSD/MA) e Filadelfo Mendes Neto, prefeito de Pinheiro/MA",Palácio do Planalto,
2016,8,3,19:45,Henrique Meirelles - Ministro da Fazenda,Palácio do Planalto,
2016,8,4,09:30,Despachos internos,Palácio do Planalto,
2016,8,4,14:30,Coronel Affonso Heliodoro - ex-subchefe do Gabinete Civil do Presidente Juscelino Kubitschek,Palácio do Planalto,
2016,8,5,15:00,Partida para o Rio de Janeiro/RJ,Base Aérea de Brasília,
2016,8,5,17:00,"Recepção oferecida pelo Senhor Presidente da República em exercício e senhora Marcela Temer, por ocasião dos Jogos Olímpicos Rio 2016",Palácio Itamaraty - Rio de Janeiro/RJ,RJ
2016,8,5,20:00,Cerimônia de Abertura dos Jogos Olímpicos Rio 2016,Estádio do Maracanã,RJ
2016,8,8,09:30,José Carlos Xavier de Aquino,,
2016,8,8,10:00,Marcelo Almeida,Palácio do Planalto,
2016,8,8,10:30,Henrique Meirelles,,
2016,8,8,15:00,Dyogo Oliveira,,
2016,8,9,10:00,José Ivo Sartori - Governador do estado do Rio Grande do Sul,Palácio do Planalto,
2016,8,9,11:00,Cerimônia de lançamento do Programa de Revitalização da Bacia Hidrográfica do Rio São Francisco,Palácio do Planalto,
2016,8,9,14:30,Henrique Meirelles - Ministro da Fazenda,Palácio do Planalto,
2016,8,9,15:00,Senador Eunício Oliveira (PMDB/CE),Palácio do Planalto,
2016,8,9,15:45,Alexandre de Moraes - Ministro da Justiça e Cidadania,Palácio do Planalto,
2016,8,9,16:00,Antonio Andrade - vice-governador do estado de Minas Gerais e senador Romero Jucá (PMDB/RR),Palácio do Planalto,
2016,8,9,16:50,Senadora Lucia Vânia (PSB/GO),Palácio do Planalto,
2016,8,10,10:30,Deputado Ricardo Tripoli (PSDB/SP),Palácio do Planalto,
2016,8,10,11:00,Senador Eduardo Braga (PMDB/AM),Palácio do Planalto,
2016,8,10,13:00,"Eduardo Eugenio Gouvêa Vieira, presidente da Firjan e Paulo Skaf, presidente da Fiesp",Palácio do Planalto,
2016,8,10,15:00,Manoel David Korn de Carvalho - Prefeito do município de Tietê/SP,Palácio do Planalto,
2016,8,10,15:30,"Antonio Machado de Barros, presidente do Instituto Talento Brasil e grupo de colaboradores do Instituto",Palácio do Planalto,
2016,8,10,16:30,Mendonça Filho - Ministro da Educação,Palácio do Planalto,
2016,8,10,18:00,Ministra Laurita Vaz - vice-presidente do Superior Tribunal de Justiça-STJ,Palácio do Planalto,
2016,8,10,18:30,Senador Pedro Chaves (PSC/MS),Palácio do Planalto,
2016,8,10,19:00,Senador Dário Berger (PMDB/SC),Palácio do Planalto,
2016,8,11,10:30,Li Jinzhang - Embaixador da República Popular da China no Brasil,Palácio do Planalto,
2016,8,11,11:00,Encontro com representantes da Câmara Brasileira da Indústria da Construção - CBIC,Palácio do Planalto,
2016,8,12,11:00,Serzh Sargsyan - Presidente da Armênia,Palácio do Planalto,
2016,8,12,11:30,Rodrigo Rollemberg - governador do Distrito Federal,Palácio do Planalto,
2016,8,15,15:00,Dyogo Oliveira,,
2016,8,16,09:00,Conselho Nacional do Sesi,Palácio do Planalto,
2016,8,16,11:00,Deputado Waldir Maranhão (PP/MA) - vice-presidente da Câmara dos Deputados,Palácio do Planalto,
2016,8,16,15:00,Bruno Araújo - Ministro das Cidades,Palácio do Planalto,
2016,8,16,16:00,Senador Renan Calheiros,,
2016,8,16,16:45,Felipe Nasr - Piloto de Fórmula 1,Palácio do Planalto,
2016,8,16,17:20,Senador Omar Aziz - líder do PSD no Senado Federal,Palácio do Planalto,
2016,8,17,10:00,"Marcos Pereira - ministro da Indústria, Comércio Exterior e Serviços",Palácio do Planalto,
2016,8,17,15:30,"Mendonça Filho, Ministro da Educação",Palácio do Planalto,
2016,8,18,09:00,"Dyogo Oliveira - Ministro interino do Ministério do Planejamento, Desenvolvimento e Gestão",Palácio do Planalto,
2016,8,18,10:00,Fernando Coelho Filho - Ministro de Minas e Energia,Palácio do Planalto,
2016,8,18,11:00,Presidentes dos Tribunais de Contas do Brasil,Palácio do Planalto,
2016,8,18,12:00,Senador Acir Gurgacz (PDT-RO),Palácio do Planalto,
2016,8,18,13:00,Partida para o Rio de Janeiro/RJ,Base Aérea de Brasília,
2016,8,18,15:00,Reunião com Ministros,"Parque Olímpico, Av",RJ
2016,8,19,15:00,Reunião com equipe econômica,"Gabinete do Ministro da Fazenda, São Paulo/SP",SP
2016,8,22,10:00,Despachos internos,Palácio do Planalto,
2016,8,22,13:00,"Reunião com o deputado Rodrigo Maia (DEM/RJ), presidente da Câmara dos Deputados, e líderes da base do governo na Câmara dos Deputados",Residência Oficial da Câmara dos Deputados,
2016,8,22,16:00,Senador Hélio José (PMDB/DF),Palácio do Planalto,
2016,8,22,16:30,Deputado Danilo Forte (PSB/CE),Palácio do Planalto,
2016,8,22,17:00,Senador Fernando Bezerra Coelho (PSB/PE),Palácio do Planalto,
2016,8,22,17:30,"Henrique Meirelles, ministro da Fazenda, e Dyogo Oliveira, ministro interino do Ministério do Planejamento",Palácio do Planalto,
2016,8,22,18:00,Senador Wilder Morais (PP/GO),Palácio do Planalto,
2016,8,23,10:00,"Ricardo Barros, ministro da Saúde, e Claudio Lottenberg, presidente do Instituto Coalizão Saúde-ICOS",Palácio do Planalto,
2016,8,23,11:00,"Senadores João Alberto Souza (PMDB/MA), Roberto Rocha (PSB/MA) e Edison Lobão (PMDB/MA)",Palácio do Planalto,
2016,8,23,16:30,Senador Ciro Nogueira (PP/PI),Palácio do Planalto,
2016,8,23,17:00,Senador Ataídes Oliveira (PSDB/TO),Palácio do Planalto,
2016,8,24,09:30,Deputado Mauro Pereira (PMDB/RS),Palácio do Planalto,
2016,8,24,11:00,Cerimônia de lançamento do Plano Agro+: medidas de desburocratização para impulsionar o agronegócio brasileiro,Palácio do Planalto,
2016,8,24,12:00,Frente Parlamentar da Agropecuária - FPA,Palácio do Planalto,
2016,8,24,12:30,Senador Waldemir Moka (PMDB/MS),Palácio do Planalto,
2016,8,24,15:00,Senador Eduardo Amorim (PSC/SE),Palácio do Planalto,
2016,8,24,15:30,Henrique Meirelles - Ministro da Fazenda,Palácio do Planalto,
2016,8,24,17:00,"Alexandre de Moraes, ministro da Justiça e Cidadania e Procuradores de Justiça dos Estados",Palácio do Planalto,
2016,8,24,18:30,"Henrique Meirelles, ministro da Fazenda e Dyogo Oliveira, ministro interino do Planejamento, Desenvolvimento e Gestão",Palácio do Planalto,
2016,8,24,19:30,Ronaldo Nogueira - ministro do Trabalho,Palácio do Planalto,
2016,8,25,10:00,Despachos internos,Palácio do Planalto,
2016,8,25,15:00,Cerimônia de Recepção da Tocha Paralímpica,Palácio do Planalto,
2016,8,26,10:00,Senador Magno Malta (PR/ES),Palácio do Planalto,
2016,8,26,10:30,José Ivo Sartori - Governador do estado do Rio Grande do Sul,Palácio do Planalto,
2016,8,26,17:30,"Rodrigo Rollemberg, governador do Distrito Federal, e Bancada Federal do DF",Palácio do Planalto,
2016,8,29,14:00,Recepção aos atletas olímpicos,Palácio do Planalto,
2016,8,29,19:00,"Marcos Pereira - ministro da Indústria, Comércio Exterior e Serviços",Palácio do Planalto,
2016,8,30,11:40,"Osmar Terra, Ministro do Desenvolvimento Social e Agrário",Palácio do Planalto,
2016,8,30,15:00,Senador Eduardo Braga (PMDB/AM),Palácio do Planalto,
2016,8,31,10:00,Despachos internos,Palácio do Planalto,
2016,8,31,16:00,Posse no Congresso Nacional,Plenário do Senado Federal,
2016,8,31,17:00,Reunião Ministerial,Palácio do Planalto,
2016,9,1,00:00,Viagem à China,,CHI
2016,9,2,10:00,Chegada a Xangai,,CHI
2016,9,2,11:30,"Encontro com o prefeito de Xangai, Yang Xiong","Hotel Jing An Shangri-La, Osmanthus Suite",CHI
2016,9,2,11:45,Cerimônia de assinatura de atos empresariais,"Hotel Jing An Shangri-La, Ball Room",CHI
2016,9,2,12:00,Cerimônia de encerramento do Seminário Empresarial de Alto Nível Brasil-China,"Hotel Jing An Shangri-La, Ball Room",CHI
2016,9,2,12:35,Declaração à imprensa,"Hotel Jing An Shangri-La, Ball Room",CHI
2016,9,2,14:00,Chegada a Hangzhou,"Hotel Jing An Shangri-La, Ball Room",CHI
2016,9,2,16:50,"Encontro com o presidente da República Popular da China, Xi Jinping",Casa de Hóspedes do Lago Oeste,CHI
2016,9,2,17:30,Término do encontro bilateral,Casa de Hóspedes do Lago Oeste,CHI
2016,9,3,10:00,Reunião com a Delegação Brasileira,Hotel Dragon,CHI
2016,9,3,12:00,"Encontro com o Diretor-Geral da Organização Mundial do Comércio, Embaixador Roberto Azevêdo",Hotel Dragon,CHI
2016,9,4,09:50,Chegada à Casa de Hóspedes do Lago Oeste,,CHI
2016,9,4,10:10,Reunião informal dos líderes dos Brics,Sala de reuniões,CHI
2016,9,4,15:00,Chegada ao Centro Internacional de Exposições de Hangzhou,Sala de reuniões,CHI
2016,9,4,15:15,Fotografia Oficial,Centro Internacional de Exposições de Hangzhou,CHI
2016,9,4,15:30,Cerimônia de abertura do G20,Centro Internacional de Exposições de Hangzhou,CHI
2016,9,4,15:40,Primeira sessão de trabalho,Centro Internacional de Exposições de Hangzhou,CHI
2016,9,4,18:30,Fotografia Oficial,Hotel Xizi,CHI
2016,9,4,19:15,Jantar de boas-vindas oferecido pelo presidente da República Popular da China e senhora Peng Liyuan aos líderes do G20,Hotel Xizi,CHI
2016,9,4,21:00,Chegada ao Lago Yue do Lago Oeste,Hotel Xizi,CHI
2016,9,4,21:15,Apresentação cultural de gala,Lago Yue do Lago Oeste,CHI
2016,9,5,10:00,Segunda sessão de trabalho,Centro Internacional de Exposições de Hangzhou,CHI
2016,9,5,12:05,"Encontro com o primeiro-ministro da Espanha, Mariano Rajoy",Centro Internacional de Exposições,CHI
2016,9,5,12:10,Terceira sessão de trabalho,Centro Internacional de Exposições de Hangzhou,CHI
2016,9,5,13:45,Coquetel,Centro Internacional de Exposições,CHI
2016,9,5,13:55,Almoço e quarta sessão de trabalho,Centro Internacional de Exposições,CHI
2016,9,5,15:30,"Encontro com o primeiro-ministro da Itália, Matteo Renzi",Centro Internacional de Exposições,CHI
2016,9,5,15:35,Quinta sessão de trabalho,Centro Internacional de Exposições,CHI
2016,9,5,17:05,Cerimônia de Encerramento do G20,Centro Internacional de Exposições,CHI
2016,9,5,18:30,Inicia viagem de retorno ao Brasil,Centro Internacional de Exposições,CHI
2016,9,6,14:30,Previsão de chegada da viagem internacional,Brasília/DF,
2016,9,7,09:00,Desfile Cívico Por Ocasião do Dia da Pátria,"Esplanada dos Ministérios, Brasília/DF",
2016,9,7,14:00,Partida de Brasília para o Rio de Janeiro,"Base Aérea de Brasília, Brasília/DF",
2016,9,7,15:30,Chegada ao Rio de Janeiro,Rio de Janeiro / RJ,RJ
2016,9,7,16:00,Recepção Por Ocasião da Abertura dos Jogos Paralímpicos Rio 2016,"Palácio do Itamaraty, Rio de Janeiro/RJ",RJ
2016,9,7,18:15,Cerimônia de Abertura dos Jogos Paralímpicos Rio 2016,"Estádio do Maracanã, Rio de Janeiro/RJ",RJ
2016,9,8,11:00,"Eldar Saetre, CEO da Statoil e Integrantes do Grupo Statoil",Palácio do Planalto,
2016,9,8,12:00,Senador Fernando Collor de Mello (PTC/AL),Palácio do Planalto,
2016,9,8,14:00,"Cármen Lucia, Ministra do Supremo Tribunal Federal - STF",Palácio do Planalto,
2016,9,9,10:00,Despachos internos,,
2016,9,12,10:00,Cerimônia de ratificação do Acordo de Paris sobre mudança do clima,Palácio do Planalto,
2016,9,12,12:00,"Mário Garnero, presidente BRASILINVEST - Banco de Negócios",Palácio do Planalto,
2016,9,12,15:00,Sessão Solene de posse dos Ministros Cármen Lúcia e Dias Toffoli nos cargos de Presidente e Vice-Presidente do Supremo Tribunal Federal e do Conselho Nacional de Justiça,"Plenário do STF, Brasília/DF",
2016,9,13,09:00,Conselho Nacional do Sesi,Palácio do Planalto,
2016,9,13,11:00,Reunião Conselho do PPI,Palácio do Planalto,
2016,9,13,15:00,Deputado Paulinho da Força,Palácio do Planalto,
2016,9,14,10:00,Cerimônia de anúncio de novas ações de gestão para a melhoria da saúde pública,Palácio do Planalto,
2016,9,14,11:30,Cerimônia de Posse da Senhora Grace Maria Fernandes Mendonça no cargo de Advogada-Geral da União,Palácio do Planalto,
2016,9,15,10:00,Despachos internos,Palácio do Planalto,
2016,9,15,13:00,"Deputados André Moura, Aelton Freitas, Aguinaldo Ribeiro, Baleia Rossi, Jovair Arantes, Márcio Marinho, Rogério Rosso e Paulinho da Força",Palácio do Planalto,
2016,9,15,18:00,Partida para São Paulo,Base Aérea de Brasília,
2016,9,16,10:00,"Eliseu Padilha 	Ministro, Chefe da Casa Civil da Presidência da República",São Paulo/SP,
2016,9,16,11:00,"Moreira Franco Secretário, Executivo do Programa de Parcerias de Investimos da Presidência da República",São Paulo/SP,
2016,9,18,08:00,Partida para Nova York,Base Aérea de Brasília,
2016,9,18,16:00,Chegada a Nova York,Aeroporto Internacional John F,EUA
2016,9,19,08:30,Sessão de Abertura da Reunião de Alto Nível sobre Grandes Movimentos de Refugiados e Migrantes,"Sede das Nações Unidas, Salão da Assembleia Geral",EUA
2016,9,19,10:00,Sessão Plenária da Reunião de Alto Nível sobre Grandes Movimentos de Refugiados e Migrantes,"Sede das Nações Unidas, Câmara do Conselho de Tutela – Nova York",EUA
2016,9,19,12:00,"Encontro com o Senhor Marcelo Rebelo de Sousa, Presidente da República Portuguesa","Sede das Nações Unidas, Lobby dos Visitantes – Nova York",EUA
2016,9,19,12:30,"Encontro com o Senhor Tabaré Vázquez, Presidente da República Oriental do Uruguai","Sede das Nações Unidas, Lobby dos Visitantes – Nova York",EUA
2016,9,20,08:45,"Encontro com o Secretário-Geral das Nações Unidas, Ban Ki-moon","Sede das Nações Unidas, sala 200 – Nova York",EUA
2016,9,20,09:00,Abertura do Debate Geral da 71ª Assembleia Geral das Nações Unidas,"Sede das Nações Unidas, Salão da Assembleia Geral",EUA
2016,9,20,11:00,"Encontro com o Senhor Mahmoud Abbas, Presidente do Estado da Palestina","Sede das Nações Unidas, Lobby dos Visitantes",EUA
2016,9,20,12:00,"Encontro com o Senhor Pedro Pablo Kuczynski, Presidente da República do Peru","Sede das Nações Unidas, Lobby dos Visitantes",EUA
2016,9,20,13:15,"Almoço em homenagem AOS Chefes de Estado e de Governo, oferecido Pelo Senhor Ban Ki-moon, Secretário-Geral das Nações Unidas",Sede das Nações Unidas,EUA
2016,9,21,08:00,Evento de Alto Nível para Depósito de Ratificações do Acordo de Paris sobre Mudança do Clima,"Sede das Nações Unidas, salão da Assembleia Geral",EUA
2016,9,21,11:00,"Encontro com Empresários e investidores, promovido pelo Conselho das Américas",Hotel St,EUA
2016,9,21,12:30,"Almoço ampliado com Empresários e Investidores, promovido pelo Conselho das Américas",Hotel St,EUA
2016,9,21,13:45,Encontro com a imprensa brasileira e internacional,Hotel St,EUA
2016,9,21,14:30,"Encontro com o Senhor Joe Biden, Vice-Presidente dos Estados Unidos da América",Missão do Brasil junto à ONU,EUA
2016,9,21,16:45,Chegada ao Aeroporto Internacional John F. Kennedy,Aeroporto Internacional John F,EUA
2016,9,21,17:00,Partida para Brasília,Aeroporto Internacional John F,EUA
2016,9,22,15:00,Cerimônia de Lançamento do Novo Ensino Médio,Palácio do Planalto,
2016,9,22,16:00,"Dyogo Oliveira - Ministro interino do Planejamento, Orçamento e Gestão",Palácio do Planalto,
2016,9,22,16:45,Raul Jungmann - Ministro da Defesa,Palácio do Planalto,
2016,9,22,17:30,Marcelo Miranda - Governador do Tocantins,Palácio do Planalto,
2016,9,23,10:00,Despachos internos,,
2016,9,26,17:00,John Anthony Santa María Otazúa - Presidente Mundial da Coca-Cola FEMSA,Palácio do Planalto,
2016,9,27,09:45,Pedro Parente - Presidente da Petrobras,Palácio do Planalto,
2016,9,27,15:00,Sergio Marchione - Presidente mundial da Fiat Chrysler Automobiles,Palácio do Planalto,
2016,9,27,15:30,Jacob Lew - Secretário do Tesouro dos Estados Unidos,Palácio do Planalto,
2016,9,27,16:30,William Lee - Presidente e CEO da Hyundai Motor,Palácio do Planalto,
2016,9,27,17:00,Ben Van Beurden - CEO da Royal Dutch Shell,Palácio do Planalto,
2016,9,27,18:00,Reunião com ministros e líderes da base aliada na Câmara dos Deputados,Palácio da Alvorada,
2016,9,28,12:00,"Deputado Rodrigo Maia (DEM/RJ), presidente da Câmara dos Deputados",Palácio do Planalto,
2016,9,28,15:00,111ª Reunião do Conselho da Câmara de Comércio Exterior - CAMEX,Palácio do Planalto,
2016,9,28,16:30,Claudio Lamachia - presidente do Conselho Federal da Ordem dos Advogados do Brasil,Palácio do Planalto,
2016,9,28,17:30,Henrique Meirelles - Ministro da Fazenda,Palácio do Planalto,
2016,9,29,11:00,Raul Jungmann - Ministro da Defesa,Palácio do Planalto,
2016,9,30,09:00,8º EXAME Fórum 2016,Hotel Unique - São Paulo/SP,SP
2016,10,3,09:00,Partida para Buenos Aires/Argentina,,BUA
2016,10,3,12:00,"Encontro com Mauricio Macri, Presidente da República da Argentina",Quinta Presidencial de Olivos,BUA
2016,10,3,12:30,Reunião ampliada entre a delegação brasileira e a delegação argentina,Quinta Presidencial de Olivos - Buenos Aires,BUA
2016,10,3,13:00,Almoço oferecido pelo Presidente da República Argentina,Quinta Presidencial de Olivos,BUA
2016,10,3,15:00,Declaração à imprensa,Aeroparque Jorge Newbery - Buenos Aires,BUA
2016,10,3,18:10,Reunião ampliada entre a delegação brasileira e a delegação paraguaia,Residência Presidencial Mburuvicha Róga - Assunção/Paraguai,BUA
2016,10,3,19:00,Jantar oferecido pelo Presidente da República do Paraguai,Residência Presidencial Mburuvicha Róga,BUA
2016,10,3,21:30,Partida de Assunção para Brasília/DF,Aeroporto Internacional Silvio Pettirossi,
2016,10,4,14:30,Henrique Meirelles - Ministro da Fazenda,Palácio do Planalto,
2016,10,4,15:00,Deputada Maria Helena (PSB/RR) e Deputado Hiran Gonçalves (PP/RR),Palácio do Planalto,
2016,10,4,18:00,"Senador Renan Calheiros, presidente do Congresso Nacional e governadores do PI, MT, AC e DF",Palácio do Planalto,
2016,10,5,10:00,Cerimônia de Lançamento do Programa Criança Feliz,Palácio do Planalto,
2016,10,5,12:00,Cerimônia de Posse do novo Ministro de Estado do Turismo,Palácio do Planalto,
2016,10,5,13:30,Visita Protocolar do Exmo. Senhor Presidente da República ao Supremo Tribunal Federal pela data de Aniversário da Constituição Federal,Supremo Tribunal Federal,
2016,10,5,16:00,Cerimônia de Comemoração do Dia Nacional da Micro e Pequena Empresa,Palácio do Planalto,
2016,10,6,10:30,"Governadores do RJ, SP, ES, AL, RS, SC, MG e DF",Palácio do Planalto,
2016,10,6,17:00,José Serra - Ministro das Relações Exteriores,Palácio do Planalto,
2016,10,7,16:00,Deputado Rôney Nemer (PP/DF),Palácio do Planalto,
2016,10,7,16:30,"Flavio Cattaneo - CEO mundial do Grupo Telecom Itália, Sr. Giuseppe Recchi - Presidente da Telecom Itália e Sr. Stefano De Angelis - Presidente da TIM Brasil",Palácio do Planalto,
2016,10,9,19:00,Jantar com base aliada,Palácio da Alvorada,
2016,10,10,10:00,Cardeal Dom Orani João Tempesta - Arcebispo do Rio de Janeiro e presidente do Instituto Brasileiro de Comunicação Cristão – INBRAC - REDE VIDA DE TELEVISÃO,Palácio da Alvorada,
2016,10,10,15:00,Mário Devienne Ferraz - Presidente do Tribunal Regional Eleitoral de São Paulo – TRE/SP,Palácio do Planalto,
2016,10,10,18:30,"Blairo Maggi - Ministro da Agricultura, Pecuária e Abastecimento",Palácio do Planalto,
2016,10,11,12:00,Cerimônia de assinatura de Acordo de Cooperação Técnica com o Tribunal Superior Eleitoral,Palácio do Planalto,
2016,10,11,15:00,Senador Eduardo Braga (PMDB/AM),Palácio do Planalto,
2016,10,11,15:30,Deputado Missionário José Olímpio (DEM/SP),Palácio do Planalto,
2016,10,11,17:00,Ex-deputada Íris de Araújo (PMDB/GO),Palácio do Planalto,
2016,10,11,17:30,Deputado José Carlos Aleluia (DEM/BA),Palácio do Planalto,
2016,10,13,11:00,Eliseu Padilha - Ministro-Chefe da Casa Civil da Presidência da República e Secretário Executivo do Conselho de Desenvolvimento Econômico e Social,Palácio do Planalto,
2016,10,13,15:00,Mendonça Filho - Ministro de Estado da Educação,Palácio do Planalto,
2016,10,13,16:00,Henrique Meirelles - Ministro de Estado da Fazenda,Palácio do Planalto,
2016,10,13,17:00,Deputado Rodrigo Maia - Presidente da Câmara dos Deputados,Palácio do Planalto,
2016,10,14,00:15,Partida de Brasília para a República da Índia,Base Aérea de Brasília,
2016,10,15,08:30,"Chegada a Goa, República da Índia",Base Naval INS Hansa,IND
2016,10,15,12:30,Almoço oferecido pela Federação das Indústrias do Estado do Rio de Janeiro – FIRJAN,Hotel Park Hyatt Goa,IND
2016,10,15,19:00,Jantar em homenagem aos Chefes de Estado e de Governo do BRICS,Hotel Taj Exotica,IND
2016,10,16,10:40,Foto oficial dos Chefes de Estado e de Governo do BRICS,Hotel Taj Exotica,IND
2016,10,16,10:45,Encontro privado dos Chefes de Estado e de Governo do BRICS,Hotel Taj Exotica,IND
2016,10,16,12:00,Almoço de Trabalho dos Chefes de Estado e de Governo do BRICS,Hotel Taj Exotica,IND
2016,10,16,13:05,Reunião de Chefes de Estado e de Governo do BRICS com o Conselho Empresarial do BRICS,Hotel Taj Exotica,IND
2016,10,16,13:30,Sessão Plenária dos Chefes de Estado e de Governo do BRICS,Hotel Taj Exotica,IND
2016,10,16,14:35,Cerimônia de Assinatura de Atos,Hotel Taj Exotica,IND
2016,10,16,16:40,"Foto dos Chefes de Estado e de Governo do BRICS e do BIMSTEC (Bangladesh, Butão, Índia, Myanmar, Nepal, Sri Lanka e Tailândia)",Hotel The Leela Goa,IND
2016,10,16,16:45,Cúpula ampliada dos Chefes de Estado e de Governo do BRICS e do BIMSTEC,Hotel The Leela Goa,IND
2016,10,16,18:30,"Jantar em homenagem aos Chefes de Estado e de Governo do BRICS e do BIMSTEC, oferecido pelo Senhor Narendra Modi, Primeiro-Ministro da República da Índia",Hotel The Leela Goa,IND
2016,10,17,11:15,"Reunião ampliada com o Senhor Narendra Modi, Primeiro-Ministro da República da Índia",Hotel Taj Exotica,IND
2016,10,17,12:00,"Encontro com o Senhor Narendra Modi, Primeiro-Ministro da República da Índia e com empresários brasileiros e indianos",Hotel Taj Exotica,IND
2016,10,17,12:15,Cerimônia de intercâmbio de atos bilaterais e declaração à imprensa,Hotel Taj Exotica,IND
2016,10,17,12:45,"Almoço em homenagem ao Senhor Michel Temer, Presidente da República, oferecido pelo Senhor Narendra Modi, Primeiro-Ministro da República da Índia",Hotel Taj Exotica,IND
2016,10,17,14:30,Partida de Goa para Tóquio,Base Naval INS Hansa,JAP
2016,10,18,03:38,Chegada à Tóquio,Aeroporto Internacional de Haneda,JAP
2016,10,18,18:30,Entrevista à imprensa japonesa,Tóquio,JAP
2016,10,18,19:30,Entrevista à imprensa brasileira,Tóquio,JAP
2016,10,19,10:30,Encontro com Sua Majestade o Imperador Akihito,"Palácio Imperial, Salão de Audiências",JAP
2016,10,19,11:00,Encontro com empresários japoneses,Sede do Keidanren,JAP
2016,10,19,15:30,"Reunião de trabalho com o Senhor Shinzo Abe, Primeiro-Ministro do Japão",Kantei,JAP
2016,10,19,16:30,Declaração à imprensa,Kantei,JAP
2016,10,19,18:10,"Encontro com o Senhor Taro Aso, Vice-Primeiro Ministro das Finanças e Presidente da Liga Parlamentar Brasil- Japão","Kantei, Residência Oficial",JAP
2016,10,19,18:50,"Jantar em homenagem ao senhor Michel Temer, Presidente da República, oferecido pelo Primeiro-Ministro do Japão","Kantei, Residência Oficial",JAP
2016,10,19,22:30,Partida para Brasília,Aeroporto Internacional de Haneda,
2016,10,20,11:30,Chegada a Brasília,Base Aérea de Brasília,
2016,10,20,17:00,Henrique Meirelles - Ministro de Estado da Fazenda,Palácio do Planalto,
2016,10,21,10:00,Solenidade militar alusiva ao Dia do Aviador e ao Dia da Força Aérea Brasileira,Pátio de Solenidades da Base Aérea de Brasília,
2016,10,24,10:00,Abertura da Conferência Rio Oil & Gas 2016 (ROG 2016),Rio de Janeiro/RJ,
2016,10,24,16:00,"Paulo Portas, Ex-vice primeiro Ministro de Portugal",Palácio do Planalto,
2016,10,24,20:00,"Henrique Meirelles, ministro de Estado da Fazenda e senador Renan Calheiros, presidente do Senado Federal",Palácio do Planalto,
2016,10,25,10:30,Senador Valdir Raupp (PMDB/RO),Palácio do Planalto,
2016,10,25,12:00,João Doria Júnior - prefeito eleito da cidade de São Paulo/SP,Palácio do Planalto,
2016,10,26,10:30,Deputado Roberto de Lucena (PV/SP) e Deputada Leandre (PV/PR),Palácio do Planalto,
2016,10,26,11:00,Deputado Luis Tibé - PTdoB/MG,Palácio do Planalto,
2016,10,26,11:30,Deputado Marcelo Matos (PHS/RJ),Palácio do Planalto,
2016,10,26,12:30,"Paulo Câmara, Governador de Pernambuco, e Raul Henry, vice-Governador de Pernambuco",Palácio do Planalto,
2016,10,26,14:30,"Deputado Jovair Arantes, Líder do PTB na Câmara dos Deputados",Palácio do Planalto,
2016,10,26,15:00,"Senador Ricardo Ferraço (PSDB/ES) e Paulo Hartung, Governador do Espírito Santo",Palácio do Planalto,
2016,10,26,15:30,Deputado Giacobo (PR/PR),Palácio do Planalto,
2016,10,26,16:00,Deputado Odelmo Leão (PP/MG),Palácio do Planalto,
2016,10,26,17:00,Deputado Joaquim Passarinho (PSD/PA),Palácio do Planalto,
2016,10,26,18:00,Senador Edison Lobão (PMDB/MA),Palácio do Planalto,
2016,10,26,19:30,Senador José Maranhão (PMDB/PB),Palácio do Planalto,
2016,10,26,20:00,Senador Fernando Bezerra Coelho (PSB/PE),Palácio do Planalto,
2016,10,27,10:00,Fernando Haddad (PT/SP) - Prefeito de São Paulo/SP,Palácio do Planalto,
2016,10,27,11:00,Cerimônia de Lançamento do Mutirão da Renegociação e Sanção de Leis referentes ao Supersimples e ao Salão-Parceiro,Palácio do Planalto,
2016,10,27,15:00,Moran Mor Inácio Efrém II Karim - Patriarca da Igreja Síria Ortodoxa de Antioquia,Palácio do Planalto,
2016,10,27,16:00,Cerimônia de Apresentação de Credenciais de Embaixadores,Palácio do Planalto,
2016,10,27,18:00,Cerimônia de entrega de condecorações da Ordem Nacional do Cruzeiro do Sul a juristas estrangeiros,Palácio do Planalto,
2016,10,28,11:00,Reunião sobre Segurança Pública,Palácio Itamaraty,
2016,10,31,10:25,"Recepção ao Secretário-Geral, eleito, da Organização das Nações Unidas",Palácio do Planalto - Rampa externa,
2016,10,31,10:30,"Antônio Guterres, eleito Secretário-Geral da ONU",Palácio do Planalto,
2016,10,31,11:00,Marcelo Rebelo de Sousa - Presidente da República Portuguesa,Palácio do Planalto,
2016,10,31,11:30,"Jorge Carlos Fonseca, Presidente de Cabo Verde",Palácio do Planalto,
2016,10,31,12:00,"Manuel Domingos Vicente, Vice-Presidente de Angola",Palácio do Planalto,
2016,10,31,12:30,"Taur Matan Ruak, Presidente do Timor Leste",Palácio do Planalto,
2016,10,31,15:00,"Obiang Nguema Mbasogo, Presidente da Guiné Equatorial",Palácio Itamaraty,
2016,10,31,15:25,Recepção aos Chefes de Delegação da XI Conferência de Chefes de Estado e de Governo da Comunidade dos Países de Língua Portuguesa,Palácio Itamaraty,
2016,10,31,15:50,Fotografia Oficial da XI Conferência de Chefes de Estado e de Governo da CPLP,Palácio Itamaraty,
2016,10,31,16:00,Sessão Solene de Abertura da XI Conferência de Chefes de Estado e de Governo da CPLP,Palácio Itamaraty,
2016,10,31,17:00,Sessão de Trabalho da XI Conferência de Chefes de Estado e de Governo da CPLP,Palácio Itamaraty,
2016,10,31,19:15,Cumprimentos aos Chefes da Delegação da XI Conferência de Chefes de Estado e de Governo da CPLP,Palácio da Alvorada,
2016,10,31,20:00,Jantar em homenagem aos Chefes de Delegação da XI Conferência de Chefes de Estado e de Governo da CPLP oferecido pelo Presidente da República,Palácio da Alvorada,
2016,11,1,10:00,Sessão Solene de Encerramento da XI Conferência de Chefes de Estado e de Governo da Comunidade dos Países de Língua Portuguesa,Palácio Itamaraty,
2016,11,1,11:00,Declaração à imprensa,Palácio Itamaraty,
2016,11,1,15:00,"Cerimônia oficial de chegada do Primeiro-Ministro de Portugal, António Costa",Palácio do Planalto,
2016,11,1,15:20,"Reunião de trabalho com o Primeiro-Ministro de Portugal, António Costa",Palácio do Planalto,
2016,11,1,16:20,Declaração à imprensa,Palácio do Planalto,
2016,11,1,19:30,"Jantar em homenagem ao senhor António Costa, Primeiro-Ministro de Portugal, oferecido pelo Presidente da República",Palácio Itamaraty,
2016,11,3,10:30,"Sarney Filho, Ministro do Meio Ambiente",Palácio do Planalto,
2016,11,3,11:00,"Ignatius Joseph III Yonan, Patriarca da Igreja Siríaca Católica",Palácio do Planalto,
2016,11,3,14:30,Henrique Meirelles - Ministro de Estado da Fazenda,Palácio do Planalto,
2016,11,3,16:30,Ricardo Barros - Ministro de Estado da Saúde,Palácio do Planalto,
2016,11,3,17:00,Reunião sobre Mariana,Palácio do Planalto,
2016,11,3,18:00,"Dyogo Oliveira - Ministro interino do Planejamento, Orçamento e Gestão",Palácio do Planalto,
2016,11,4,10:00,Despachos internos,,
2016,11,7,10:00,Cerimônia de Migração das Rádios AM para FM,Palácio do Planalto,
2016,11,7,15:00,Reunião sobre obras inacabadas,Palácio do Planalto,
2016,11,7,18:00,Cerimônia de Entrega da Ordem do Mérito Cultural 2016 – Dona Ivone Lara,Palácio do Planalto,
2016,11,8,09:15,Seminário de Infraestrutura e Desenvolvimento do Brasil,Auditório da CNI - Brasília/DF,
2016,11,8,11:00,"Eliseu Padilha, Ministro-Chefe da Casa Civil e Henrique Meirelles, Ministro da Fazenda",Palácio do Planalto,
2016,11,8,14:00,"Senador Renan Calheiros (PMDB/AL), presidente do Senado Federal",Palácio do Planalto,
2016,11,8,15:00,Issad Rebrab - CEO da CEVITAL Grupo Industrial,Palácio do Planalto,
2016,11,8,15:30,"Associação Brasileira das Indústrias de Calçados - ABICALÇADOS, senadora Ana Amélia (PP/RS) e deputado Jaime Martins (PSD/MG)",Palácio do Planalto,
2016,11,8,17:00,"Senador Antonio Carlos Valadares (PSB/SE), líder do Partido Socialista Brasileiro; senador Eduardo Amorim (PSC/SE) e senador Virgínio Carvalho (PSC/SE)",Palácio do Planalto,
2016,11,8,18:00,Senador Magno Malta (PR/ES),Palácio do Planalto,
2016,11,8,18:30,PMDB Jovem,Palácio do Planalto,
2016,11,8,19:00,"Senador Eunício Oliveira (PMDB/CE), senador Tasso Jereissati (PSDB/CE), deputado Danilo Forte (PSB/CE), Helder Barbalho, ministro de Estado da Integração Nacional, e Camilo Santana, governador do Ceará",Palácio do Planalto,
2016,11,8,20:00,Luiz Fernando Pezão - governador do estado do Rio de Janeiro,Palácio do Planalto,
2016,11,9,10:00,Senador Telmário Mota (PDT/RR),Palácio do Planalto,
2016,11,9,10:40,Ricardo Patah - UGT,Palácio do Planalto,
2016,11,9,11:10,"Ivo Sartori, Governador do RS",Palácio do Planalto,
2016,11,9,11:20,"Senador Raimundo Lira, PMDB PB",Palácio do Planalto,
2016,11,9,15:00,Cerimônia de lançamento do Cartão Reforma,Palácio do Planalto,
2016,11,9,17:00,Humberto Mota - Presidente e Chairman da Dufry do Brasil,Palácio do Planalto,
2016,11,10,11:00,Grupo de investidores da Royal Dutch Shell,Palácio do Planalto,
2016,11,10,14:00,Reunião do Conselho Nacional de Ciência e Tecnologia,Palácio do Planalto,
2016,11,10,16:00,Anúncio dos projetos aprovados do Programa Institutos Nacionais de Ciência e Tecnologia,Palácio do Planalto,
2016,11,11,14:30,"Rogério Rosso, líder do PSD",Palácio do Planalto,
2016,11,11,15:00,Grace Maria Fernandes Mendonça - Advogada-Geral da União,Palácio do Planalto,
2016,11,11,16:40,"Henrique Meirelles, ministro de Estado da Fazenda e Dyogo Oliveira, ministro de Estado do Planejamento, Desenvolvimento e Gestão",Palácio do Planalto,
2016,11,14,10:00,Despachos internos,,
2016,11,16,10:00,Bancada do Espírito Santo no Congresso Nacional,Palácio do Planalto,
2016,11,16,11:30,Senador Elmano Férrer (PTB/PI),Palácio do Planalto,
2016,11,16,12:00,"Ricardo Vieira Coutinho, Governador do Estado da Paraíba/PB e Senador Raimundo Lira (PMDB/PB)",Palácio do Planalto,
2016,11,16,15:00,Reunião Ministerial do Cone Sul sobre Segurança nas Fronteiras,Palácio Itamaraty,
2016,11,16,15:30,Senador Acir Gurgacz (PDT/RO),Palácio do Planalto,
2016,11,16,16:00,Senador Otto Alencar (PSD/BA),Palácio do Planalto,
2016,11,16,17:00,Luis Alberto Moreno - Presidente do Banco Interamericano de Desenvolvimento – BID,Palácio do Planalto,
2016,11,16,17:30,Senador Vicentinho Alves (PR/TO),Palácio do Planalto,
2016,11,16,19:00,Pedro de Andrade Faria - Presidente Global da BRF S.A.,Palácio do Planalto,
2016,11,16,20:00,Jantar com a base aliada no Senado,Palácio da Alvorada,
2016,11,17,09:45,"Ronaldo Nogueira, Ministro do Trabalho",Palácio do Planalto,
2016,11,17,15:00,"Raul Jungmann, Ministro da Defesa e Comandantes da Marinha, Exército e Aeronáutica",Palácio do Planalto,
2016,11,18,10:00,"Torquato Jardim, Ministro da Transparência, Fiscalização e Controladoria-Geral da União",Palácio do Planalto,
2016,11,18,10:30,Despacho interno,Palácio do Planalto,
2016,11,18,11:00,"Eduardo Guardia, secretário executivo do MF e Ana Paula Vescovi, Secretária do Tesouro Nacional",Palácio do Planalto,
2016,11,18,12:00,Deputado Alfredo Kaefer (PSL / PR),Palácio do Planalto,
2016,11,21,09:30,Reunião do CDES - Conselho de Desenvolvimento Econômico Social,Palácio do Planalto,
2016,11,21,12:50,"Ana Botín, Presidente Mundial do Grupo Santander",Palácio do Planalto,
2016,11,21,13:00,Almoço com o Conselho de Desenvolvimento Econômico e Social - CDES,Palácio da Alvorada,
2016,11,21,15:30,"Blairo Maggi, Ministro de Estado da Agricultura, Pecuária e Abastecimento e Monique Eloit, Diretora-Geral da Organização Mundial da Saúde Animal - OIE",Palácio do Planalto,
2016,11,22,10:00,"Confúcio Moura, governador do estado de Rondônia e senadores Valdir Raupp (PMDB/RO) e Pastor Valadares (PDT/RO)",Palácio do Planalto,
2016,11,22,14:30,Reunião com Governadores,Palácio do Planalto,
2016,11,23,12:00,"Cerimônia de posse do ministro da Cultura, Deputado Roberto Freire",Palácio do Planalto,
2016,11,23,12:30,Helder Barbalho - Ministro de Estado da Integração Nacional,Palácio do Planalto,
2016,11,23,13:00,Mendonça Filho - Ministro de Estado da Educação,Palácio do Planalto,
2016,11,23,15:00,Ministro Emmanoel Pereira - vice-presidente do Tribunal Superior do Trabalho (TST),Palácio do Planalto,
2016,11,23,15:30,"Deputado Marco Feliciano, líder do PSC/SP",Palácio do Planalto,
2016,11,23,16:00,Senador Roberto Rocha (PSB/SP),Palácio do Planalto,
2016,11,23,16:30,Deputado Celso Maldaner (PMDB/SC) e empresários de Santa Catarina,Palácio do Planalto,
2016,11,23,17:00,Inauguração da nova sede do Instituto Serzedello Corrêa – Escola Superior do TCU,"Setor de Clubes Esportivos Sul – Trecho 3, Lote 3 - Brasília/DF",
2016,11,23,18:30,Eliseu Padilha - ministro-chefe da Casa Civil,Palácio do Planalto,
2016,11,24,10:00,Cerimônia de Apresentação do Novo Cartão Construcard,Palácio do Planalto,
2016,11,24,16:30,Seminário Comemorativo dos 75 anos da Justiça do Trabalho e 70 anos do TST,TST – Plenário Min,
2016,11,25,10:00,Despachos internos,,
2016,11,25,13:30,Almoço com PSDB,,
2016,11,27,12:00,Presidente Michel Temer concede entrevista coletiva à imprensa,Palácio do Planalto,
2016,11,27,16:30,Cerimônia de abertura do Congresso da Diáspora Libanesa da América Latina,"Palácio dos Bandeirantes, Avenida Morumbi, 4500 – Auditório “Ulysses Guimarães” – São Paulo/SP",
2016,11,28,16:00,Reunião com Líderes da Base aliada no Senado Federal,Palácio do Planalto,
2016,11,28,19:00,Projeto Brasil Futuro 2ª Edição,Hotel Royal Tulip – Brasília/DF,
2016,11,29,09:30,Cerimônia de entrega do Prêmio Mérito Brasil de Governança e Gestão Pública,Auditório Ministro Pereira Lira do Edifício-Sede do TCU - Brasília/DF,
2016,11,29,11:30,"Steve St. Angelo, CEO América Latina e Chairman Toyota do Brasil",Palácio do Planalto,
2016,11,29,12:30,"Ministra Cármen Lúcia, Presidente do Supremo Tribunal Federal -  STF",Palácio do Planalto,
2016,11,29,15:00,"Helder Barbalho, Ministro da Integração Nacional e Senadores da  República",Palácio do Planalto,
2016,11,29,17:00,Cerimônia de Sanção da Lei que Flexibiliza a Operação e Novos Investimentos na Província Petrolífera do Pré-Sal,Palácio do Planalto,
2016,11,30,10:00,Despachos internos,,
2016,11,30,15:00,Lyle Watters - Presidente da Ford Motor Company para América do Sul,Palácio do Planalto,
2016,11,30,16:30,Senador Romero Jucá (PMDB/RR) - líder do governo,Palácio do Planalto,
2016,11,30,17:00,"Kurt Bock, Presidente Mundial da BASF",Palácio do Planalto,
2016,11,30,19:50,"Senador Omar Aziz (PSD/AM), Líder do PSD no Senado e Deputado Pauderney Avelino (DEM/AM), Líder do DEM na Câmara dos Deputados",Palácio do Planalto,
2016,12,1,10:00,"Andreas Renschler, CEO mundial da Holding de Caminhões e Ônibus do Grupo Volkswagen e Roberto Cortês, presidente e CEO da MAN Latin America",Palácio do Planalto,
2016,12,1,10:30,"Reunião com os governadores dos estados de Santa Catarina, Distrito Federal, Goiás, Pará, Rio de Janeiro e Piauí",Palácio do Planalto,
2016,12,1,17:30,“Brazil Opportunities Conference 2016”,Hotel Grand Hyatt – São Paulo/SP,
2016,12,2,09:30,"Participa do Dia Nacional de Combate ao Mosquito Transmissor da Dengue, Zika e Chikungunya","CENAD – Setor Policial Sul, Edifício Ensipam, Área 5, Quadra 3, Bloco K, Térreo – Brasília/DF",
2016,12,2,12:00,"Marcos Pereira - ministro de Estado da Indústria, Comércio Exterior e Serviços",Palácio do Planalto,
2016,12,2,14:00,Henrique Meirelles - Ministro de Estado da Fazenda,Palácio do Planalto,
2016,12,3,05:00,Partida para Chapecó/SC,Base Aérea de Brasília,
2016,12,3,08:00,Cerimônia de Honras Fúnebres em homenagem às vítimas do acidente com avião que transportava a Delegação da Associação Chapecoense de Futebol e jornalistas,Aeroporto de Chapecó/SC,
2016,12,5,17:00,Reunião com Líderes da Base Aliada na Câmara e no Senado,Palácio do Planalto,
2016,12,5,19:00,Reunião com Centrais Sindicais,Palácio do Planalto,
2016,12,6,09:00,Encontro com Conselho Nacional do SESI,Palácio do Planalto,
2016,12,6,11:00,Cerimônia de Assinatura de Protocolo de Intenções de Estruturação Financeira da Santa Casa de São Paulo,Palácio do Planalto,
2016,12,6,15:30,"Senador Renan Calheiros (PMDB/AL), presidente do Senado Federal e senador Romero Jucá (PMDB/RR)",Palácio do Planalto,
2016,12,6,21:00,Cerimônia de recebimento do Prêmio O Brasileiro do Ano 2016,"Citibank Hall – Avenida das Nações Unidas, 17",
2016,12,7,10:00,Solenidade de apresentação de oficiais-generais promovidos,Palácio do Planalto,
2016,12,7,14:30,"Deputado Rodrigo Maia (DEM/RJ), presidente da Câmara dos Deputados e Antônio Carlos Magalhães Neto, prefeito de Salvador/BA",Palácio do Planalto,
2016,12,7,15:30,Rui Costa - Governador da Bahia,Palácio do Planalto,
2016,12,7,16:30,"Deputado Carlos Bezerra (PMDB/MT) e Emanuel Pinheiro, prefeito eleito de Cuiabá/MT",Palácio do Planalto,
2016,12,7,17:00,"Deputado Giacobo (PR/PR), 2º vice-presidente da Câmara dos Deputados e deputado Aelton Freitas (PR/MG), líder do PR na Câmara dos Deputados",Palácio do Planalto,
2016,12,7,17:45,"Deputado Antônio Imbassahy (PSDB/BA), líder do PSDB na Câmara dos Deputados",Palácio do Planalto,
2016,12,7,18:00,"Senador Benedito de Lira (PP/AL), líder do Partido Progressista no Senado Federal e deputado Arthur Lira (PP/AL), presidente da Comissão Mista de Orçamento",Palácio do Planalto,
2016,12,7,18:30,"Senador Dário Berger (PMDB/SC), deputado estadual Gean Loureiro, prefeito eleito de Florianópolis",Palácio do Planalto,
2016,12,7,19:00,"Deputado Jovair Arantes (PTB/GO), líder do PTB na Câmara dos Deputados, Direção Nacional do Partido e Bancada dos Deputados Federais do PTB",Palácio do Planalto,
2016,12,7,20:00,Sarney Filho - Ministro de Estado do Meio Ambiente,Palácio do Planalto,
2016,12,7,20:30,"Governadores dos estados: GO, PI, RJ, BA, PB, AC, TO, DF, AL e MA",Palácio do Planalto,
2016,12,8,10:00,Deputado Nilton Capixaba (PTB/RO),Palácio do Planalto,
2016,12,8,11:30,Deputado Celso Russomanno (PRB/SP),Palácio do Planalto,
2016,12,8,12:30,"Senador Marcelo Crivella, líder do PRB,   Senador Eduardo Lopes e os deputados   Cleber Verde (PRB/MA) e Márcio Marinho (PRB/BA)",Palácio do Planalto,
2016,12,8,15:00,Susana Malcorra - Chanceler da Argentina,Palácio do Planalto,
2016,12,8,16:30,"Deputado Benjamin Maranhão (SD/PB), coordenador da Bancada e Bancada da Paraíba",Palácio do Planalto,
2016,12,9,07:00,Embarque de Brasília para Caruaru/PE,Base Aérea de Brasília,
2016,12,9,08:45,- Inspeção e Assinatura de Atos na Barragem de Jucazinho,Represa Surubim/PE,PE
2016,12,9,11:45,Visita à Estação de Bombeamento EBV-3 - Reservatório Salgueiro,Município de Floresta/PE,PE
2016,12,9,13:30,Embarque para Fortaleza/CE,Município de Floresta/PE,PE
2016,12,9,15:00,Cerimônia de Assinatura de Atos,Banco do Nordeste - Fortaleza/CE,CE
2016,12,9,16:30,Embarque para Brasília/DF,Banco do Nordeste - Fortaleza/CE,CE
2016,12,12,11:00,Alexandre de Moraes - Ministro de Estado da Justiça e Cidadania,Palácio do Planalto,
2016,12,12,11:30,Fernando Coelho Filho - Ministro de Estado de Minas e Energia,Palácio do Planalto,
2016,12,12,20:30,Receber o Prêmio Líder do Brasil 2016,Palácio dos Bandeirantes - São Paulo/SP,SP
2016,12,13,10:00,Philipp Schiemer - Presidente da Mercedez-Benz do Brasil & Head Latin America,Palácio do Planalto,
2016,12,13,12:30,"Fernando Coelho Filho, Ministro de Estado de Minas e Energia e lideranças do setor de biocombustíveis",Palácio do Planalto,
2016,12,13,15:00,Lançamento do Programa de Renovação da Frota de Ônibus do Sistema de Transporte Público do Brasil - REFROTA 17,Palácio do Planalto,
2016,12,13,16:00,"Henrique Meirelles, Ministro de Estado da Fazenda e Grace Maria Mendonça, AGU",Palácio do Planalto,
2016,12,13,17:30,Deputado Aguinaldo Ribeiro (PP/PB),Palácio do Planalto,
2016,12,13,17:45,Sarney Filho - Ministro de Estado do Meio Ambiente,Palácio do Planalto,
2016,12,13,18:30,"Marx Beltrão, Ministro de Estado do Turismo e Vinícius Lummertz, presidente da Embratur",Palácio do Planalto,
2016,12,13,19:20,"Gilberto Kassab, Ministro de Estado da Ciência, Tecnologia, Inovações e Comunicações e Deputado Marcos Montes (PSD/MG)",Palácio do Planalto,
2016,12,13,19:30,Senador Hélio José (PMDB/DF),Palácio do Planalto,
2016,12,13,19:45,Roberto Freire - Ministro de Estado da Cultura,Palácio do Planalto,
2016,12,14,10:00,Posse do Presidente e Vice-Presidente do Tribunal de Contas da União - TCU,Brasília/DF,
2016,12,14,11:30,"Governadores do Rio de Janeiro, Minas Gerais e Rio Grande do Sul",Palácio do Planalto,
2016,12,14,12:30,Claudio Luiz Lottenberg - Presidente do Conselho da Sociedade Beneficente Israelita Brasileira Albert Einstein,Palácio do Planalto,
2016,12,14,15:30,Odacir Klein - Presidente do Banco Regional de Desenvolvimento do Extremo Sul – BRDE,Palácio do Planalto,
2016,12,14,16:00,Deputada Mara Gabrilli (PSDB/SP),Palácio do Planalto,
2016,12,15,09:00,"Eliseu Padilha, Ministro-Chefe da Casa Civil da Presidência da República; Henrique Meirelles, Ministro da Fazenda e Dyogo Oliveira, Ministro interino do Planejamento, Desenvolvimento e Gestão",Palácio do Planalto,
2016,12,15,11:30,Rodrigo Janot - Procurador-Geral da República,Palácio do Planalto,
2016,12,15,16:00,"Eliseu Padilha, Ministro-Chefe da Casa Civil da Presidência da República; Henrique Meirelles, Ministro da Fazenda e Dyogo Oliveira, Ministro interino do Planejamento, Desenvolvimento e Gestão",Palácio do Planalto,
2016,12,15,16:30,Anúncio das novas medidas econômicas,Palácio do Planalto,
2016,12,15,18:30,Senador José Aníbal (PSDB/SP),Palácio do Planalto,
2016,12,15,19:00,"Senador José Agripino Maia (DEM/RN), Líder no Senado e Senador Davi Alcolumbre (DEM/AP), 2º Vice-Líder",Palácio do Planalto,
2016,12,15,19:30,Ronaldo Nogueira - Ministro de Estado do Trabalho,Palácio do Planalto,
2016,12,16,09:00,"Visita ao Centro de Comando e Controle da Polícia Rodoviária Federal, por ocasião do lançamento da Operação Rodovida 2016-2017","Centro de Comando e Controle da PRF - Setor Policial   Sul, Qd",5 – Complexo Sede PRF – Brasília/DF
2016,12,16,10:00,Delegação de empresários e investidores chilenos,Palácio do Planalto,
2016,12,16,12:00,Cerimônia de cumprimentos de fim de ano dos Oficiais-Generais,"Clube Naval de Brasília – SCES Trecho 2, Conjunto 13",
2016,12,16,16:00,Cerimônia de entrega da Ordem de Rio Branco e da Ordem do Mérito da Defesa a cidadãos colombianos e ao prefeito de Chapecó,Palácio do Planalto,
2016,12,19,10:30,Senador Aécio Neves (PSDB/MG),Palácio do Planalto,
2016,12,19,18:00,"Henrique Meirelles, ministro da Fazenda e Ilan Goldfajn, presidente do Banco Central do Brasil",Palácio do Planalto,
2016,12,20,09:45,Deputado Thiago Peixoto (PSD/GO),Palácio do Planalto,
2016,12,20,10:00,Senador Wellington Fagundes (PR/MT),Palácio do Planalto,
2016,12,20,10:20,Deputado Hugo Motta (PMDB/PB),Palácio do Planalto,
2016,12,20,10:40,Senador Roberto Rocha (fora do exercício),Palácio do Planalto,
2016,12,20,11:00,Deputado Manoel Junior (PMDB/PB),Palácio do Planalto,
2016,12,20,11:20,Deputado Ricardo Trípoli (PSDB/SP),Palácio do Planalto,
2016,12,20,11:40,Deputado Silvio Torres (PSDB/SP),Palácio do Planalto,
2016,12,20,15:00,Cerimônia de Liberação de Recursos para Ensino Técnico e Fomento às Escolas em Tempo Integral,Palácio do Planalto,
2016,12,20,16:00,Senadora Rose de Freitas (PMDB/ES),Palácio do Planalto,
2016,12,20,17:00,"Senador Eduardo Lopes (PRB/RJ) e Deputado Marcio Marinho (PRB/BA), líder do partido na Câmara",Palácio do Planalto,
2016,12,20,17:15,"Ricardo Barros, ministro da Saúde",Palácio do Planalto,
2016,12,20,18:30,"Paulo Rogério Caffarelli, Presidente do Banco do Brasil",Palácio do Planalto,
2016,12,21,08:00,Embarque para Guarulhos/SP,,
2016,12,21,10:15,"Cerimônia de entrega 420 unidades habitacionais do Residencial Mogi das Cruzes - Itapety, Ype, Manacá, Tietê e Maitaca, do Programa Minha Casa Minha Vida",Mogi das Cruzes/SP,SP
2016,12,21,12:15,Retorno a Brasília,Mogi das Cruzes/SP,SP
2016,12,22,09:00,Café da manhã com jornalistas do Comitê de Imprensa do Palácio do Planalto,Palácio da Alvorada,
2016,12,22,11:30,Cerimônia de assinatura de MP com Medidas do Programa de Manutenção e Geração de Empregos,Palácio do Planalto,
2016,12,26,10:00,Despachos internos,Palácio do Planalto,
2016,12,27,08:00,"Embarque para Maceió, AL.",,AL
2016,12,27,10:15,Cerimônia de anúncio de investimentos em ações para redução dos efeitos da seca e acesso à água.,Centro Cultural e de Exposições Ruth Cardoso,AL
2016,12,27,14:25,"Retorno a Brasília, DF.",Centro Cultural e de Exposições Ruth Cardoso,
2016,12,27,19:00,"Deputado Rodrigo Maia (DEM RJ), presidente da Câmara dos Deputados e Deputado Baleia Rosssi (PMDB SP), líder do PMDB na Câmara dos Deputados.",Palácio do Planalto,
2016,12,28,10:00,Despachos internos,,
2016,12,29,10:00,Marcio Lacerda,,